feature,gain_importance,split_importance
address_jaro_winkler,138038100.47220278,5998
candidate_rank,45639423.70557022,2682
address_levenshtein_similarity,31606808.826056004,5506
core_levenshtein_similarity,15323091.203429699,3400
core_jaro_winkler,10503557.586658001,4128
address_levenshtein_distance,9437475.99945736,7132
candidate_is_s2,8564314.84017086,1613
combined_blocking_score,7516941.50220108,2122
name_jaro_winkler,7319979.47847414,5487
address_length_difference,7167032.599556923,6234
shared_address_tokens,7002819.6748428345,1304
name_length_difference,5704061.986247063,5785
target_address_missing,5701105.588916779,154
name_levenshtein_distance,5598387.340857506,5097
core_levenshtein_distance,3790681.7809329033,3562
name_levenshtein_similarity,2764878.9475312233,3658
core_length_difference,2667353.709341526,3713
address_blocking_score,2366646.3675670624,2118
exact_blocking_score,2048890.080816269,361
core_contains,1570222.2521800995,1139
name_fuzzy_similarity,1277711.9336099625,737
address_contains,1073770.329134941,499
exact_name,1000763.9523200989,120
shared_token_count,808590.9984855652,613
exact_core,626264.9346466064,153
token_blocking_score,625927.5715055466,1030
exact_address,24308.223875045776,55
target_name_missing,0.0,0
s1_name_missing,0.0,0
country_equal,0.0,0
s1_address_missing,0.0,0
