threshold,macro_entity_f0_5,true_positives,false_positives,false_negatives,predicted_links,true_links,entities_predicted_empty,true_singletons,correctly_empty_entities,micro_precision,micro_recall
0.3,0.7717243727893204,1091090.0,159404.0,437335.0,1250494.0,1528425.0,42910.0,24508.0,16436.0,0.872527177259547,0.7138655805813173
0.325,0.7751691368404784,1089568.0,150168.0,438857.0,1239736.0,1528425.0,43655.0,24508.0,16736.0,0.8788709854356088,0.7128697842550338
0.35,0.7791251768091801,1087720.0,140021.0,440705.0,1227741.0,1528425.0,44646.0,24508.0,17132.0,0.885952330336773,0.711660696468587
0.375,0.7825289269549737,1085911.0,131246.0,442514.0,1217157.0,1528425.0,45454.0,24508.0,17499.0,0.8921700322965731,0.7104771251451658
0.4,0.7853300093462843,1084218.0,123871.0,444207.0,1208089.0,1528425.0,46143.0,24508.0,17810.0,0.8974653357492701,0.7093694489425388
0.425,0.7879972241558667,1082472.0,116727.0,445953.0,1199199.0,1528425.0,46845.0,24508.0,18094.0,0.9026625272369306,0.7082270965209284
0.45,0.7902646680738025,1080794.0,110464.0,447631.0,1191258.0,1528425.0,47443.0,24508.0,18328.0,0.9072711368989756,0.7071292343425422
0.475,0.7926040738266356,1078876.0,104084.0,449549.0,1182960.0,1528425.0,48094.0,24508.0,18602.0,0.9120139311557449,0.7058743477763056
0.5,0.7949889538833131,1076726.0,97512.0,451699.0,1174238.0,1528425.0,48819.0,24508.0,18881.0,0.9169572096968417,0.7044676709684806
0.525,0.7969570130021079,1074704.0,92013.0,453721.0,1166717.0,1528425.0,49417.0,24508.0,19127.0,0.9211351167421062,0.7031447405008424
0.55,0.7993426858854994,1071639.0,84848.0,456786.0,1156487.0,1528425.0,50525.0,24508.0,19466.0,0.9266329842012924,0.7011394082143383
0.575,0.800989267708443,1069111.0,79666.0,459314.0,1148777.0,1528425.0,51194.0,24508.0,19710.0,0.9306514667337525,0.6994854179956491
0.6,0.8029614748797997,1065729.0,73572.0,462696.0,1139301.0,1528425.0,52027.0,24508.0,20016.0,0.9354235623421729,0.6972726826635262
0.625,0.8043686248110429,1063003.0,68979.0,465422.0,1131982.0,1528425.0,52624.0,24508.0,20239.0,0.9390635186778589,0.6954891473248606
0.65,0.8056100746115766,1059972.0,64469.0,468453.0,1124441.0,1528425.0,53287.0,24508.0,20474.0,0.942665733462227,0.6935060601599686
0.675,0.80673030135924,1056718.0,60032.0,471707.0,1116750.0,1528425.0,53908.0,24508.0,20673.0,0.9462440116409223,0.6913770711680325
0.7,0.807709582050269,1052826.0,55354.0,475599.0,1108180.0,1528425.0,54716.0,24508.0,20909.0,0.9500496309263838,0.6888306590117278
0.725,0.8084803042681988,1048588.0,50907.0,479837.0,1099495.0,1528425.0,55507.0,24508.0,21127.0,0.953699653022524,0.6860578700296056
0.75,0.8091894665754968,1043425.0,46024.0,485000.0,1089449.0,1528425.0,56428.0,24508.0,21382.0,0.9577547916423806,0.6826798828859774
0.775,0.8092075160425283,1036302.0,40548.0,492123.0,1076850.0,1528425.0,57979.0,24508.0,21730.0,0.9623457306031481,0.6780195299082389
0.8,0.8091991370835129,1030216.0,36259.0,498209.0,1066475.0,1528425.0,59055.0,24508.0,21981.0,0.9660010783187604,0.6740376531396699
0.825,0.8086765357830799,1023037.0,32187.0,505388.0,1055224.0,1528425.0,60238.0,24508.0,22228.0,0.9694974716268773,0.6693406611380996
0.85,0.8075534721988697,1013814.0,27698.0,514611.0,1041512.0,1528425.0,61728.0,24508.0,22508.0,0.9734059713186214,0.6633063447666716
0.875,0.805370636641281,1001437.0,22879.0,526988.0,1024316.0,1528425.0,63663.0,24508.0,22843.0,0.9776641192756923,0.6552084662315782
0.9,0.8016847455461489,986123.0,18198.0,542302.0,1004321.0,1528425.0,66046.0,24508.0,23160.0,0.9818802952442496,0.6451890017501677
0.925,0.7948217418391822,963938.0,13345.0,564487.0,977283.0,1528425.0,69647.0,24508.0,23520.0,0.9863447947012278,0.6306740598982613
0.95,0.7811776667295552,927557.0,8068.0,600868.0,935625.0,1528425.0,75706.0,24508.0,23930.0,0.9913768871075485,0.6068711255050133
